ADDRESS_ID,CITY,POSTALCODE,ADDRESSLINE1,ADDRESSLINE2,COUNTRY_CODE
ad0001,NYC,10022,897 Long Airport Avenue,,USA
ad0002,Reims,51100,59 rue de l'Abbaye,,FRA
ad0003,Paris,75508,27 rue du Colonel Pierre Avia,,FRA
ad0004,Pasadena,90003,78934 Hillside Dr.,,USA
ad0005,San Francisco,,7734 Strong St.,,USA
ad0006,Burlingame,94217,9408 Furth Circle,,USA
ad0007,Lille,59000,"184, chausse de Tournai",,FRA
ad0008,Bergen,N 5804,"Drammen 121, PR 744 Sentrum",,NOR
ad0009,San Francisco,,5557 North Pendale Street,,USA
ad0010,Paris,75016,"25, rue Lauriston",,FRA
ad0011,Melbourne,3004,636 St Kilda Road,Level 3,AUS
ad0012,NYC,10022,2678 Kingston Rd.,Suite 101,USA
ad0013,Newark,94019,7476 Moss Rd.,,USA
ad0014,Bridgewater,97562,25593 South Bay Ln.,,USA
ad0015,Nantes,44000,"67, rue des Cinquante Otages",,FRA
ad0016,Cambridge,51247,39323 Spinnaker Dr.,,USA
ad0017,Helsinki,21240,Keskuskatu 45,,FIN
ad0018,Stavern,4110,Erling Skakkes gate 78,,NOR
ad0019,Allentown,70267,7586 Pompton St.,,USA
ad0020,Salzburg,5020,Geislweg 14,,AUT
ad0021,Chatswood,2067,"Monitor Money Building, 815 Pacific Hwy",Level 6,AUS
ad0022,New Bedford,50553,1785 First Street,,USA
ad0023,Liverpool,WX1 6LT,Berkeley Gardens 12  Brewery,,GBR
ad0024,Madrid,28034,"C/ Moralzarzal, 86",,ESP
ad0025,Lule,S-958 22,Berguvsvgen  8,,SWE
ad0026,Madrid,28023,"C/ Araquil, 67",,ESP
ad0027,Singapore,79903,"Bronz Sok., Bronz Apt. 3/6 Tesvikiye",,SGP
ad0028,NYC,10022,5905 Pompton St.,Suite 750,USA
ad0029,South Brisbane,4101,31 Duncan St. West End,,AUS
ad0030,Philadelphia,71270,782 First Street,,USA
ad0031,Lyon,69004,"2, rue du Commerce",,FRA
ad0032,Vancouver,V3F 2K1,1900 Oak St.,,CAN
ad0033,Burbank,94019,3675 Furth Circle,,USA
ad0034,Cambridge,51247,4658 Baden Av.,,USA
ad0035,New Haven,97823,567 North Pendale Street,,USA
ad0036,Minato-ku,106-0032,2-2-8 Roppongi,,JPN
ad0037,Torino,10100,Via Monte Bianco 34,,ITA
ad0038,Boras,S-844 67,?kergatan 24,,SWE
ad0039,Versailles,78000,"67, avenue de l'Europe",,FRA
ad0040,San Rafael,97562,5677 Strong St.,,USA
ad0041,Nashua,62005,2304 Long Airport Avenue,,USA
ad0042,Brickhaven,58339,7825 Douglas Av.,,USA
ad0043,North Sydney,2060,201 Miller Street,Level 15,AUS
ad0044,Montreal,H1J 1C3,43 rue St. Laurent,,CAN
ad0045,Osaka,530-0003,"Dojima Avanza 4F, 1-6-20 Dojima, Kita-ku",,JPN
ad0046,Philadelphia,71270,11328 Douglas Av.,,USA
ad0047,Nantes,44000,"54, rue Royale",,FRA
ad0048,White Plains,24067,3758 North Pendale Street,,USA
ad0049,Kobenhavn,1734,Vinb'ltet 34,,DNK
ad0050,London,WX3 6FW,35 King George,,GBR
ad0051,New Bedford,50553,4575 Hillside Dr.,,USA
ad0052,Toulouse,31000,1 rue Alsace-Lorraine,,FRA
ad0053,London,WA1 1DP,120 Hanover Sq.,,GBR
ad0054,Barcelona,8022,"Rambla de Catalu¤a, 23",,ESP
ad0055,Los Angeles,,6047 Douglas Av.,,USA
ad0056,San Diego,91217,361 Furth Circle,,USA
ad0057,Bruxelles,B-1180,Rue Joseph-Bens 532,,BEL
ad0058,Tsawassen,T2F 8M4,23 Tsawassen Blvd.,,CAN
ad0059,Boston,51003,8616 Spinnaker Dr.,,USA
ad0060,Cowes,PO31 7PJ,Garden House Crowther Way,,GBR
ad0061,Oulu,90110,Torikatu 38,,FIN
ad0062,San Jose,94217,3086 Ingle Ln.,,USA
ad0063,Paris,75012,"265, boulevard Charonne",,FRA
ad0064,Graz,8010,Kirchgasse 6,,AUT
ad0065,Boston,51003,6251 Ingle Ln.,,USA
ad0066,Singapore,69045,Village Close - 106 Linden Road Sandown,2nd Floor,SGP
ad0067,Makati City,1227 MM,15 McCallum Street - NatWest Center #13-03,,PHL
ad0068,Marseille,13008,"12, rue des Bouchers",,FRA
ad0069,Koln,50739,Mehrheimerstr. 369,,DEU
ad0070,Gensve,1203,Grenzacherweg 237,,CHE
ad0071,Reggio Emilia,42100,Strada Provinciale 124,,ITA
ad0072,Brickhaven,58339,7635 Spinnaker Dr.,,USA
ad0073,Frankfurt,60528,Lyonerstr. 34,,DEU
ad0074,Espoo,FIN-02271,"Software Engineering Center, SEC Oy",,FIN
ad0075,NYC,10022,4092 Furth Circle,Suite 400,USA
ad0076,Dublin,2,25 Maiden Lane,Floor No. 4,IRL
ad0077,Madrid,28023,"Merchants House, 27-30 Merchant's Quay",,ESP
ad0078,Manchester,EC2 5NT,Fauntleroy Circus,,GBR
ad0079,Aaarhus,8200,Smagsloget 45,,DNK
ad0080,NYC,10022,5290 North Pendale Street,Suite 200,USA
ad0081,Glendale,92561,4097 Douglas Av.,,USA
ad0082,Sevilla,41101,"C/ Romero, 33",,ESP
ad0083,Brisbane,94217,2793 Furth Circle,,USA
ad0084,Strasbourg,67000,"24, place Kluber",,FRA
ad0085,Las Vegas,83030,8489 Strong St.,,USA
ad0086,Oslo,N 0106,"Drammensveien 126 A, PB 744 Sentrum",,NOR
ad0087,Bergamo,24100,Via Ludovico il Moro 22,,ITA
ad0088,Glen Waverly,3150,7 Allen Street,,AUS
ad0089,Glendale,97561,2440 Pompton St.,,USA
ad0090,Munich,80686,Hansastr. 15,,DEU
ad0091,Charleroi,B-6000,"Boulevard Tirou, 255",,BEL
ad0092,Brickhaven,58339,16780 Pompton St.,,USA
