CUSTOMER_ID,CUSTOMERNAME,PHONE,CONTACTLASTNAME,CONTACTFIRSTNAME
cu0001,Land of Toys Inc.,2125557818,Yu,Kwai
cu0002,Reims Collectables,26.47.1555,Henriot,Paul
cu0003,Lyon Souveniers,+33 1 46 62 7555,Da Cunha,Daniel
cu0004,Toys4GrownUps.com,6265557265,Young,Julie
cu0005,Corporate Gift Ideas Co.,6505551386,Brown,Julie
cu0006,Technics Stores Inc.,6505556809,Hirano,Juri
cu0007,Daedalus Designs Imports,20.16.1555,Rance,Martine
cu0008,Herkku Gifts,+47 2267 3215,Oeztan,Veysel
cu0009,Mini Wheels Co.,6505555787,Murphy,Julie
cu0010,Auto Canal Petit,(1) 47.55.6555,Perrier,Dominique
cu0011,"Australian Collectors, Co.",03 9520 4555,Ferguson,Peter
cu0012,Vitachrome Inc.,2125551500,Frick,Michael
cu0013,Tekni Collectables Inc.,2015559350,Brown,William
cu0014,Gift Depot Inc.,2035552570,King,Julie
cu0015,La Rochelle Gifts,40.67.8555,Labrune,Janine
cu0016,Marta's Replicas Co.,6175558555,Hernandez,Marta
cu0017,"Toys of Finland, Co.",90-224 8555,Karttunen,Matti
cu0018,Baane Mini Imports,07-98 9555,Bergulfsen,Jonas
cu0019,Diecast Classics Inc.,2155551555,Yu,Kyung
cu0020,Salzburg Collectables,6562-9555,Pipps,Georg
cu0021,Souveniers And Things Co.,+61 2 9495 8555,Huxley,Adrian
cu0022,FunGiftIdeas.com,5085552555,Benitez,Violeta
cu0023,"UK Collectables, Ltd.",(171) 555-2282,Devon,Elizabeth
cu0024,Euro Shopping Channel,(91) 555 94 44,Freyre,Diego
cu0025,"Volvo Model Replicas, Co",0921-12 3555,Berglund,Christina
cu0026,"Corrida Auto Replicas, Ltd",(91) 555 22 82,Sommer,Mart¡n
cu0027,"Dragon Souveniers, Ltd.",+65 221 7555,Natividad,Eric
cu0028,Classic Legends Inc.,2125558493,Hernandez,Maria
cu0029,"Australian Gift Network, Co",61-7-3844-6555,Calaghan,Tony
cu0030,"Classic Gift Ideas, Inc",2155554695,Cervantes,Francisca
cu0031,"Saveley & Henriot, Co.",78.32.5555,Saveley,Mary
cu0032,Canadian Gift Exchange Network,(604) 555-3392,Tannamuri,Yoshi
cu0033,West Coast Collectables Co.,3105553722,Thompson,Steve
cu0034,Cambridge Collectables Co.,6175555555,Tseng,Kyung
cu0035,Super Scale Inc.,2035559545,Murphy,Leslie
cu0036,"Tokyo Collectables, Ltd",+81 3 3584 0555,Shimamura,Akiko
cu0037,Amica Models & Co.,011-4988555,Accorti,Paolo
cu0038,Scandinavian Gift Ideas,0695-34 6555,Larsson,Maria
cu0039,Auto Assoc. & Cie.,30.59.8555,Tonini,Daniel
cu0040,Mini Gifts Distributors Ltd.,4155551450,Nelson,Valarie
cu0041,Online Diecast Creations Co.,6035558647,Young,Valarie
cu0042,Collectables For Less Inc.,6175558555,Nelson,Allen
cu0043,"Anna's Decorations, Ltd",02 9936 8555,O'Hara,Anna
cu0044,Quebec Home Shopping Network,(514) 555-8054,Fresnisre,Jean
cu0045,Osaka Souveniers Co.,+81 06 6342 5555,Kentary,Mory
cu0046,Motor Mint Distributors Inc.,2155559857,Hernandez,Rosa
cu0047,Atelier graphique,40.32.2555,Schmitt,Carine
cu0048,Mini Classics,9145554562,Frick,Steve
cu0049,Danish Wholesale Imports,31 12 3555,Petersen,Jytte
cu0050,"Stylish Desk Decors, Co.",(171) 555-0297,Brown,Ann
cu0051,Mini Creations Ltd.,5085559555,Tam,Wing C
cu0052,Alpha Cognac,61.77.6555,Roulet,Annette
cu0053,"Double Decker Gift Stores, Ltd",(171) 555-7555,Hardy,Thomas
cu0054,Enaco Distributors,(93) 203 4555,Saavedra,Eduardo
cu0055,"Men 'R' US Retailers, Ltd.",2155554369,Chandler,Michael
cu0056,Collectable Mini Designs Co.,7605558146,Thompson,Valarie
cu0057,Petit Auto,(02) 5554 67,Dewey,Catherine
cu0058,"Royal Canadian Collectables, Ltd.",(604) 555-4555,Lincoln,Elizabeth
cu0059,Gifts4AllAges.com,6175559555,Yoshido,Juri
cu0060,giftsbymail.co.uk,(198) 555-8888,Bennett,Helen
cu0061,"Oulu Toy Supplies, Inc.",981-443655,Koskitalo,Pirkko
cu0062,The Sharp Gifts Warehouse,4085553659,Frick,Sue
cu0063,"La Corne D'abondance, Co.",(1) 42.34.2555,Bertrand,Marie
cu0064,Mini Auto Werke,7675-3555,Mendel,Roland
cu0065,Diecast Collectables,6175552555,Franco,Valarie
cu0066,Handji Gifts& Co,+65 224 1555,Victorino,Wendy
cu0067,Cruz & Sons Co.,+63 2 555 3587,Cruz,Arnold
cu0068,Marseille Mini Autos,91.24.4555,Lebihan,Laurence
cu0069,"Toms Spezialitten, Ltd",0221-5554327,Pfalzheim,Henriette
cu0070,"Vida Sport, Ltd",0897-034555,Holz,Michael
cu0071,L'ordine Souveniers,0522-556555,Moroni,Maurizio
cu0072,Online Mini Collectables,6175557555,Barajas,Miguel
cu0073,"Blauer See Auto, Co.",+49 69 66 90 2555,Keitel,Roland
cu0074,Suominen Souveniers,+358 9 8045 555,Suominen,Kalle
cu0075,Muscle Machine Inc,2125557413,Young,Jeff
cu0076,"Clover Collections, Co.",+353 1862 1555,Cassidy,Dean
cu0077,CAF Imports,+34 913 728 555,Fernandez,Jesus
cu0078,"AV Stores, Co.",(171) 555-1555,Ashworth,Victoria
cu0079,Heintze Collectables,86 21 3555,Ibsen,Palle
cu0080,Microscale Inc.,2125551957,Kuo,Kee
cu0081,Boards & Toys Co.,3105552373,Young,Leslie
cu0082,"Iberia Gift Imports, Corp.",(95) 555 82 82,Roel,Jose Pedro
cu0083,Signal Collectibles Ltd.,4155554312,Taylor,Sue
cu0084,Mini Caravy,88.60.1555,Citeaux,Frederique
cu0085,Signal Gift Stores,7025551838,King,Sue
cu0086,"Norway Gifts By Mail, Co.",+47 2212 1555,Klaeboe,Jan
cu0087,Rovelli Gifts,035-640555,Rovelli,Giovanni
cu0088,"Australian Collectables, Ltd",61-9-3844-6555,Connery,Sean
cu0089,Gift Ideas Corp.,2035554407,Lewis,Dan
cu0090,"Bavarian Collectables Imports, Co.",+49 89 61 08 9555,Donnermeyer,Michael
cu0091,Royale Belge,(071) 23 67 2555,Cartrain,Pascale
cu0092,Auto-Moto Classics Inc.,6175558428,Taylor,Leslie
