DELIVERY_ID,DELIVERY_DATE,CUSTOMER_ID,ADDRESS_ID,BRANCH_ID,DELIVERY_METHOD,DELIVERY_COST
de0001,2003-03-02,cu0001,ad0001,br0001,Standard,6.0
de0002,2003-05-10,cu0002,ad0002,br0002,Express,10.0
de0003,2003-07-15,cu0003,ad0003,br0002,No Rush,3.0
de0004,2003-08-31,cu0004,ad0004,br0001,Standard,6.0
de0005,2003-10-17,cu0005,ad0005,br0001,Standard,6.0
de0006,2003-11-11,cu0006,ad0006,br0001,No Rush,3.0
de0007,2003-11-23,cu0007,ad0007,br0002,No Rush,3.0
de0008,2003-11-25,cu0008,ad0008,br0003,Standard,6.0
de0009,2003-12-15,cu0009,ad0009,br0001,No Rush,3.0
de0010,2004-01-21,cu0010,ad0010,br0002,Standard,6.0
de0011,2004-02-24,cu0011,ad0011,br0004,Express,10.0
de0012,2004-04-18,cu0012,ad0012,br0001,No Rush,3.0
de0013,2004-05-25,cu0013,ad0013,br0001,Standard,6.0
de0014,2004-07-04,cu0014,ad0014,br0001,Standard,6.0
de0015,2004-07-27,cu0015,ad0015,br0002,Express,10.0
de0016,2004-08-31,cu0016,ad0016,br0001,Express,10.0
de0017,2004-10-04,cu0017,ad0017,br0005,Express,10.0
de0018,2004-10-18,cu0018,ad0018,br0003,Express,10.0
de0019,2004-11-10,cu0019,ad0019,br0001,Standard,6.0
de0020,2004-11-29,cu0001,ad0001,br0001,No Rush,3.0
de0021,2004-12-02,cu0020,ad0020,br0006,Standard,6.0
de0022,2004-12-29,cu0021,ad0021,br0004,No Rush,3.0
de0023,2005-02-11,cu0015,ad0015,br0002,Standard,6.0
de0024,2005-03-11,cu0022,ad0022,br0001,Standard,6.0
de0025,2005-04-11,cu0023,ad0023,br0007,Express,10.0
de0026,2005-05-27,cu0024,ad0024,br0008,No Rush,3.0
de0027,2003-02-10,cu0018,ad0018,br0003,No Rush,3.0
de0028,2003-03-31,cu0025,ad0025,br0009,Standard,6.0
de0029,2003-06-06,cu0026,ad0026,br0008,Standard,6.0
de0030,2003-08-01,cu0006,ad0006,br0001,Standard,6.0
de0031,2003-09-28,cu0027,ad0027,br0010,Standard,6.0
de0032,2003-10-29,cu0028,ad0028,br0001,Standard,6.0
de0033,2003-11-09,cu0029,ad0029,br0004,Express,10.0
de0034,2003-11-27,cu0030,ad0030,br0001,No Rush,3.0
de0035,2003-12-07,cu0031,ad0031,br0002,No Rush,3.0
de0036,2003-12-17,cu0032,ad0032,br0011,No Rush,3.0
de0037,2004-02-03,cu0033,ad0033,br0001,Standard,6.0
de0038,2004-03-15,cu0034,ad0034,br0001,Standard,6.0
de0039,2004-05-12,cu0035,ad0035,br0001,Standard,6.0
de0040,2004-06-19,cu0036,ad0036,br0012,Express,10.0
de0041,2004-07-28,cu0021,ad0021,br0004,Standard,6.0
de0042,2004-08-23,cu0037,ad0037,br0013,Standard,6.0
de0043,2004-09-22,cu0038,ad0038,br0009,No Rush,3.0
de0044,2004-10-18,cu0039,ad0039,br0002,Standard,6.0
de0045,2004-10-26,cu0040,ad0040,br0001,Standard,6.0
de0046,2004-11-18,cu0041,ad0041,br0001,No Rush,3.0
de0047,2004-11-23,cu0009,ad0009,br0001,Standard,6.0
de0048,2004-12-02,cu0011,ad0011,br0004,Express,10.0
de0049,2004-12-23,cu0040,ad0040,br0001,No Rush,3.0
de0050,2005-01-25,cu0042,ad0042,br0001,Standard,6.0
de0051,2005-03-03,cu0005,ad0005,br0001,No Rush,3.0
de0052,2005-03-14,cu0043,ad0043,br0004,Standard,6.0
de0053,2005-05-14,cu0044,ad0044,br0011,No Rush,3.0
de0054,2005-06-06,cu0024,ad0024,br0008,Standard,6.0
de0055,2003-05-08,cu0011,ad0011,br0004,Standard,6.0
de0056,2004-01-18,cu0045,ad0045,br0012,Standard,6.0
de0057,2004-04-08,cu0046,ad0046,br0001,Standard,6.0
de0058,2004-10-04,cu0047,ad0047,br0002,Standard,6.0
de0059,2004-10-23,cu0048,ad0048,br0001,Standard,6.0
de0060,2004-12-06,cu0036,ad0036,br0012,No Rush,3.0
de0061,2005-02-08,cu0029,ad0029,br0004,Standard,6.0
de0062,2005-04-16,cu0010,ad0010,br0002,Standard,6.0
de0063,2005-01-12,cu0006,ad0006,br0001,Standard,6.0
de0064,2003-02-17,cu0049,ad0049,br0014,Standard,6.0
de0065,2003-05-02,cu0020,ad0020,br0006,Express,10.0
de0066,2003-06-17,cu0050,ad0050,br0007,Standard,6.0
de0067,2003-08-22,cu0051,ad0051,br0001,No Rush,3.0
de0068,2003-10-15,cu0017,ad0017,br0005,Standard,6.0
de0069,2003-10-31,cu0038,ad0038,br0009,Standard,6.0
de0070,2003-11-22,cu0052,ad0052,br0002,No Rush,3.0
de0071,2003-11-18,cu0053,ad0053,br0007,Express,10.0
de0072,2003-12-02,cu0054,ad0054,br0008,Standard,6.0
de0073,2004-01-22,cu0055,ad0055,br0001,No Rush,3.0
de0074,2004-02-28,cu0056,ad0056,br0001,Standard,6.0
de0075,2004-05-12,cu0001,ad0001,br0001,Standard,6.0
de0076,2004-06-24,cu0044,ad0044,br0011,Standard,6.0
de0077,2004-07-27,cu0057,ad0057,br0015,Standard,6.0
de0078,2004-08-28,cu0058,ad0058,br0011,Standard,6.0
de0079,2004-09-14,cu0059,ad0059,br0001,Express,10.0
de0080,2004-10-26,cu0030,ad0030,br0001,No Rush,3.0
de0081,2004-11-13,cu0060,ad0060,br0007,No Rush,3.0
de0082,2004-11-17,cu0018,ad0018,br0003,No Rush,3.0
de0083,2004-12-05,cu0028,ad0028,br0001,No Rush,3.0
de0084,2004-12-09,cu0024,ad0024,br0008,Standard,6.0
de0085,2004-12-22,cu0002,ad0002,br0002,Standard,6.0
de0086,2005-02-03,cu0061,ad0061,br0005,Express,10.0
de0087,2005-02-26,cu0005,ad0005,br0001,Express,10.0
de0088,2005-03-23,cu0003,ad0003,br0002,Standard,6.0
de0089,2005-04-07,cu0062,ad0062,br0001,Standard,6.0
de0090,2005-05-10,cu0059,ad0059,br0001,Express,10.0
de0091,2003-04-08,cu0063,ad0063,br0002,Standard,6.0
de0092,2003-10-29,cu0064,ad0064,br0006,Standard,6.0
de0093,2003-11-13,cu0050,ad0050,br0007,Standard,6.0
de0094,2003-12-14,cu0065,ad0065,br0001,Standard,6.0
de0095,2004-02-12,cu0066,ad0066,br0016,Standard,6.0
de0096,2004-03-23,cu0040,ad0040,br0001,No Rush,3.0
de0097,2004-06-18,cu0066,ad0066,br0016,Express,10.0
de0098,2004-08-28,cu0019,ad0019,br0001,Standard,6.0
de0099,2004-10-22,cu0016,ad0016,br0001,Standard,6.0
de0100,2004-10-31,cu0032,ad0032,br0011,Standard,6.0
de0101,2004-12-01,cu0025,ad0025,br0009,No Rush,3.0
de0102,2005-02-03,cu0043,ad0043,br0004,No Rush,3.0
de0103,2005-06-03,cu0015,ad0015,br0002,Express,10.0
de0104,2003-03-17,cu0067,ad0067,br0017,No Rush,3.0
de0105,2003-05-17,cu0068,ad0068,br0002,Standard,6.0
de0106,2003-07-08,cu0040,ad0040,br0001,Standard,6.0
de0107,2003-09-09,cu0042,ad0042,br0001,Express,10.0
de0108,2003-11-10,cu0043,ad0043,br0004,Standard,6.0
de0109,2003-11-20,cu0008,ad0008,br0003,Standard,6.0
de0110,2003-11-23,cu0069,ad0069,br0018,Express,10.0
de0111,2003-12-05,cu0024,ad0024,br0008,Express,10.0
de0112,2004-02-27,cu0070,ad0070,br0019,Standard,6.0
de0113,2004-04-15,cu0049,ad0049,br0014,Standard,6.0
de0114,2004-06-05,cu0023,ad0023,br0007,Express,10.0
de0115,2004-07-19,cu0071,ad0071,br0013,No Rush,3.0
de0116,2004-08-15,cu0072,ad0072,br0001,No Rush,3.0
de0117,2004-09-07,cu0070,ad0070,br0019,Standard,6.0
de0118,2003-10-09,cu0073,ad0073,br0018,Standard,6.0
de0119,2004-10-23,cu0069,ad0069,br0018,Standard,6.0
de0120,2004-11-11,cu0025,ad0025,br0009,Standard,6.0
de0121,2005-01-09,cu0074,ad0074,br0005,Express,10.0
de0122,2005-03-06,cu0038,ad0038,br0009,Express,10.0
de0123,2005-05-30,cu0020,ad0020,br0006,No Rush,3.0
de0124,2003-04-24,cu0027,ad0027,br0010,Standard,6.0
de0125,2003-06-12,cu0075,ad0075,br0001,Standard,6.0
de0126,2003-08-12,cu0040,ad0040,br0001,Express,10.0
de0127,2003-10-06,cu0024,ad0024,br0008,Standard,6.0
de0128,2003-11-03,cu0027,ad0027,br0010,No Rush,3.0
de0129,2003-11-15,cu0071,ad0071,br0013,Standard,6.0
de0130,2003-11-21,cu0051,ad0051,br0001,Standard,6.0
de0131,2003-12-09,cu0035,ad0035,br0001,No Rush,3.0
de0132,2004-01-10,cu0031,ad0031,br0002,Standard,6.0
de0133,2004-02-19,cu0076,ad0076,br0020,Standard,6.0
de0134,2004-03-25,cu0077,ad0077,br0008,Standard,6.0
de0135,2004-05-09,cu0074,ad0074,br0005,Express,10.0
de0136,2004-08-01,cu0019,ad0019,br0001,No Rush,3.0
de0137,2004-08-25,cu0040,ad0040,br0001,Standard,6.0
de0138,2004-09-12,cu0037,ad0037,br0013,Express,10.0
de0139,2004-10-21,cu0078,ad0078,br0007,Standard,6.0
de0140,2004-10-31,cu0079,ad0079,br0014,Standard,6.0
de0141,2004-11-29,cu0063,ad0063,br0002,Standard,6.0
de0142,2004-11-15,cu0026,ad0026,br0008,No Rush,3.0
de0143,2005-02-06,cu0040,ad0040,br0001,No Rush,3.0
de0144,2005-02-23,cu0040,ad0040,br0001,Standard,6.0
de0145,2005-05-11,cu0014,ad0014,br0001,Standard,6.0
de0146,2003-04-08,cu0040,ad0040,br0001,No Rush,3.0
de0147,2004-02-08,cu0039,ad0039,br0002,Standard,6.0
de0148,2003-12-02,cu0004,ad0004,br0001,No Rush,3.0
de0149,2004-03-05,cu0007,ad0007,br0002,No Rush,3.0
de0150,2004-11-17,cu0080,ad0080,br0001,No Rush,3.0
de0151,2003-02-09,cu0024,ad0024,br0008,Standard,6.0
de0152,2004-03-22,cu0073,ad0073,br0018,Standard,6.0
de0153,2004-11-09,cu0012,ad0012,br0001,Express,10.0
de0154,2004-12-16,cu0024,ad0024,br0008,Standard,6.0
de0155,2005-02-02,cu0036,ad0036,br0012,Standard,6.0
de0156,2003-10-23,cu0055,ad0055,br0001,No Rush,3.0
de0157,2003-11-18,cu0064,ad0064,br0006,No Rush,3.0
de0158,2004-01-24,cu0024,ad0024,br0008,Standard,6.0
de0159,2005-02-12,cu0081,ad0081,br0001,Express,10.0
de0160,2004-12-04,cu0075,ad0075,br0001,Express,10.0
de0161,2005-03-28,cu0040,ad0040,br0001,Standard,6.0
de0162,2005-02-18,cu0017,ad0017,br0005,Standard,6.0
de0163,2003-04-18,cu0028,ad0028,br0001,No Rush,3.0
de0164,2003-08-10,cu0074,ad0074,br0005,Standard,6.0
de0165,2003-09-27,cu0061,ad0061,br0005,Standard,6.0
de0166,2003-11-28,cu0082,ad0082,br0008,No Rush,3.0
de0167,2003-12-07,cu0048,ad0048,br0001,No Rush,3.0
de0168,2004-02-18,cu0083,ad0083,br0001,Standard,6.0
de0169,2004-05-17,cu0024,ad0024,br0008,No Rush,3.0
de0170,2004-08-02,cu0040,ad0040,br0001,No Rush,3.0
de0171,2004-09-13,cu0001,ad0001,br0001,Standard,6.0
de0172,2005-05-07,cu0024,ad0024,br0008,Express,10.0
de0173,2003-11-29,cu0041,ad0041,br0001,Standard,6.0
de0174,2004-04-16,cu0061,ad0061,br0005,Express,10.0
de0175,2004-08-10,cu0027,ad0027,br0010,Standard,6.0
de0176,2004-11-09,cu0022,ad0022,br0001,Standard,6.0
de0177,2005-04-20,cu0084,ad0084,br0002,Standard,6.0
de0178,2003-03-19,cu0046,ad0046,br0001,Standard,6.0
de0179,2003-07-18,cu0052,ad0052,br0002,No Rush,3.0
de0180,2003-09-18,cu0043,ad0043,br0004,Standard,6.0
de0181,2003-10-21,cu0079,ad0079,br0014,Express,10.0
de0182,2003-11-17,cu0044,ad0044,br0011,No Rush,3.0
de0183,2003-12-14,cu0075,ad0075,br0001,No Rush,3.0
de0184,2004-04-22,cu0045,ad0045,br0012,Standard,6.0
de0185,2004-08-12,cu0085,ad0085,br0001,Standard,6.0
de0186,2003-10-10,cu0086,ad0086,br0003,Standard,6.0
de0187,2004-11-25,cu0046,ad0046,br0001,Standard,6.0
de0188,2004-11-27,cu0011,ad0011,br0004,Express,10.0
de0189,2004-12-22,cu0003,ad0003,br0002,No Rush,3.0
de0190,2005-01-19,cu0051,ad0051,br0001,No Rush,3.0
de0191,2005-03-17,cu0040,ad0040,br0001,No Rush,3.0
de0192,2005-04-19,cu0049,ad0049,br0014,Express,10.0
de0193,2003-01-16,cu0012,ad0012,br0001,Standard,6.0
de0194,2003-04-08,cu0009,ad0009,br0001,No Rush,3.0
de0195,2003-05-29,cu0011,ad0011,br0004,Standard,6.0
de0196,2003-07-20,cu0021,ad0021,br0004,Express,10.0
de0197,2003-09-15,cu0083,ad0083,br0001,Express,10.0
de0198,2003-10-23,cu0005,ad0005,br0001,Standard,6.0
de0199,2003-11-12,cu0087,ad0087,br0013,Standard,6.0
de0200,2003-11-19,cu0040,ad0040,br0001,Standard,6.0
de0201,2003-12-03,cu0088,ad0088,br0004,No Rush,3.0
de0202,2003-12-10,cu0024,ad0024,br0008,Standard,6.0
de0203,2004-03-08,cu0031,ad0031,br0002,Standard,6.0
de0204,2004-05-05,cu0024,ad0024,br0008,Standard,6.0
de0205,2004-06-15,cu0049,ad0049,br0014,Standard,6.0
de0206,2004-09-11,cu0008,ad0008,br0003,Standard,6.0
de0207,2004-11-22,cu0078,ad0078,br0007,Standard,6.0
de0208,2004-12-04,cu0085,ad0085,br0001,Standard,6.0
de0209,2005-03-01,cu0024,ad0024,br0008,No Rush,3.0
de0210,2005-06-13,cu0019,ad0019,br0001,No Rush,3.0
de0211,2003-03-24,cu0078,ad0078,br0007,Standard,6.0
de0212,2003-05-25,cu0047,ad0047,br0002,Standard,6.0
de0213,2003-07-23,cu0002,ad0002,br0002,No Rush,3.0
de0214,2003-11-09,cu0014,ad0014,br0001,Express,10.0
de0215,2004-03-04,cu0056,ad0056,br0001,Standard,6.0
de0216,2004-04-16,cu0084,ad0084,br0002,Express,10.0
de0217,2004-09-06,cu0066,ad0066,br0016,Standard,6.0
de0218,2004-10-24,cu0024,ad0024,br0008,Standard,6.0
de0219,2004-11-29,cu0002,ad0002,br0002,Standard,6.0
de0220,2005-01-17,cu0004,ad0004,br0001,Standard,6.0
de0221,2005-02-18,cu0024,ad0024,br0008,Standard,6.0
de0222,2005-05-04,cu0062,ad0062,br0001,No Rush,3.0
de0223,2003-02-20,cu0087,ad0087,br0013,Express,10.0
de0224,2003-06-24,cu0089,ad0089,br0001,Standard,6.0
de0225,2003-12-09,cu0067,ad0067,br0017,No Rush,3.0
de0226,2004-05-25,cu0062,ad0062,br0001,No Rush,3.0
de0227,2004-07-08,cu0024,ad0024,br0008,No Rush,3.0
de0228,2004-07-29,cu0042,ad0042,br0001,Standard,6.0
de0229,2004-08-25,cu0086,ad0086,br0003,Express,10.0
de0230,2004-09-23,cu0090,ad0090,br0018,Standard,6.0
de0231,2004-11-17,cu0049,ad0049,br0014,Standard,6.0
de0232,2004-11-25,cu0091,ad0091,br0015,Express,10.0
de0233,2004-12-08,cu0050,ad0050,br0007,Standard,6.0
de0234,2005-03-07,cu0024,ad0024,br0008,Standard,6.0
de0235,2005-04-13,cu0002,ad0002,br0002,No Rush,3.0
de0236,2005-05-13,cu0071,ad0071,br0013,Express,10.0
de0237,2003-01-18,cu0041,ad0041,br0001,No Rush,3.0
de0238,2003-06-02,cu0085,ad0085,br0001,No Rush,3.0
de0239,2004-02-09,cu0026,ad0026,br0008,No Rush,3.0
de0240,2003-10-11,cu0023,ad0023,br0007,Standard,6.0
de0241,2004-11-28,cu0068,ad0068,br0002,Express,10.0
de0242,2005-02-16,cu0024,ad0024,br0008,Standard,6.0
de0243,2005-06-12,cu0021,ad0021,br0004,No Rush,3.0
de0244,2005-01-16,cu0091,ad0091,br0015,Standard,6.0
de0245,2004-10-12,cu0082,ad0082,br0008,Standard,6.0
de0246,2005-03-01,cu0024,ad0024,br0008,Standard,6.0
de0247,2003-01-15,cu0073,ad0073,br0018,Standard,6.0
de0248,2004-04-30,cu0065,ad0065,br0001,Express,10.0
de0249,2005-05-06,cu0066,ad0066,br0016,No Rush,3.0
de0250,2003-06-30,cu0024,ad0024,br0008,Express,10.0
de0251,2004-04-14,cu0058,ad0058,br0011,No Rush,3.0
de0252,2004-09-29,cu0076,ad0076,br0020,No Rush,3.0
de0253,2004-12-13,cu0089,ad0089,br0001,Standard,6.0
de0254,2005-04-06,cu0013,ad0013,br0001,Express,10.0
de0255,2004-06-10,cu0084,ad0084,br0002,Standard,6.0
de0256,2005-06-03,cu0040,ad0040,br0001,Standard,6.0
de0257,2004-06-21,cu0062,ad0062,br0001,Standard,6.0
de0258,2005-06-05,cu0057,ad0057,br0015,Standard,6.0
de0259,2004-07-30,cu0020,ad0020,br0006,No Rush,3.0
de0260,2005-03-19,cu0064,ad0064,br0006,Standard,6.0
de0261,2003-06-30,cu0092,ad0092,br0001,No Rush,3.0
de0262,2003-06-11,cu0024,ad0024,br0008,Standard,6.0
de0263,2003-10-30,cu0022,ad0022,br0001,Standard,6.0
de0264,2003-11-11,cu0077,ad0077,br0008,Express,10.0
de0265,2004-02-27,cu0057,ad0057,br0015,Standard,6.0
de0266,2004-04-01,cu0060,ad0060,br0007,No Rush,3.0
de0267,2005-03-23,cu0024,ad0024,br0008,Standard,6.0
de0268,2004-11-21,cu0025,ad0025,br0009,No Rush,3.0
de0269,2004-06-02,cu0010,ad0010,br0002,Standard,6.0
de0270,2004-07-07,cu0088,ad0088,br0004,Standard,6.0
de0271,2004-09-11,cu0092,ad0092,br0001,Express,10.0
de0272,2004-11-09,cu0073,ad0073,br0018,Express,10.0
de0273,2004-11-30,cu0067,ad0067,br0017,No Rush,3.0
de0274,2004-12-11,cu0024,ad0024,br0008,Express,10.0
de0275,2003-09-07,cu0089,ad0089,br0001,Express,10.0
de0276,2004-07-04,cu0059,ad0059,br0001,Express,10.0
de0277,2004-09-03,cu0063,ad0063,br0002,Standard,6.0
de0278,2004-05-13,cu0034,ad0034,br0001,Standard,6.0
de0279,2004-11-24,cu0087,ad0087,br0013,No Rush,3.0
de0280,2005-05-23,cu0088,ad0088,br0004,No Rush,3.0
de0281,2003-10-09,cu0029,ad0029,br0004,No Rush,3.0
de0282,2004-01-29,cu0053,ad0053,br0007,Standard,6.0
de0283,2004-11-12,cu0015,ad0015,br0002,No Rush,3.0
de0284,2004-07-15,cu0075,ad0075,br0001,Standard,6.0
de0285,2004-08-14,cu0024,ad0024,br0008,Standard,6.0
de0286,2003-10-16,cu0018,ad0018,br0003,Standard,6.0
de0287,2004-11-30,cu0054,ad0054,br0008,Standard,6.0
de0288,2004-12-07,cu0047,ad0047,br0002,No Rush,3.0
de0289,2003-11-24,cu0024,ad0024,br0008,Standard,6.0
de0290,2005-01-22,cu0040,ad0040,br0001,Express,10.0
de0291,2004-11-24,cu0040,ad0040,br0001,Standard,6.0
de0292,2003-10-15,cu0081,ad0081,br0001,No Rush,3.0
de0293,2004-04-06,cu0013,ad0013,br0001,Standard,6.0
de0294,2005-03-03,cu0040,ad0040,br0001,Express,10.0
de0295,2004-04-29,cu0080,ad0080,br0001,Standard,6.0
de0296,2005-04-26,cu0036,ad0036,br0012,Express,10.0
de0297,2004-11-16,cu0006,ad0006,br0001,No Rush,3.0
de0298,2005-03-05,cu0027,ad0027,br0010,Express,10.0
de0299,2005-01-15,cu0068,ad0068,br0002,Standard,6.0
de0300,2003-04-14,cu0091,ad0091,br0015,Express,10.0
de0301,2003-08-25,cu0091,ad0091,br0015,No Rush,3.0
de0302,2003-10-14,cu0024,ad0024,br0008,Standard,6.0
de0303,2003-12-09,cu0033,ad0033,br0001,Standard,6.0
de0304,2005-04-05,cu0052,ad0052,br0002,Standard,6.0
de0305,2004-12-17,cu0092,ad0092,br0001,No Rush,3.0
de0306,2003-05-04,cu0054,ad0054,br0008,No Rush,3.0
de0307,2004-09-13,cu0072,ad0072,br0001,Express,10.0
