PRODUCTCODE,PRODUCTNAME,MSRP,PRODUCT_LINE_CODE
S10_1678,Ducatti Motto,95,pl0001
S10_1949,Porsche Carrera 68,214,pl0002
S10_2016,Yamaha Moto GP Edition,118,pl0001
S10_4698,Yamaha Moto GP Edition BIG,193,pl0001
S10_4757,Chevy Camaro,136,pl0002
S10_4962,Corvette Stingray,147,pl0002
S12_1099,Ford GT,194,pl0002
S12_1108,Ferrari Dino,207,pl0002
S12_1666,Ford F-150 Raptor,136,pl0003
S12_2823,Harley Davidson,150,pl0001
S12_3148,Austin-Healey Mark III,151,pl0002
S12_3380,Ford Mustang 67,117,pl0002
S12_3891,Pontiac GTO FF I Edition,173,pl0002
S12_3990,Nissan Skyline,79,pl0002
S12_4473,Chevy Silverado,118,pl0003
S12_4675,Shelby Cobra,115,pl0002
S18_1097,CAT,116,pl0003
S18_1129,Ford Model T,141,pl0002
S18_1342,Mercedes-Benz 450 SLC,102,pl0004
S18_1367,VW Beetle,53,pl0004
S18_1589,Jaguar XJS12,124,pl0002
S18_1662,Boeing 707,157,pl0005
S18_1749,Chevrolete Chevelle Coupe,170,pl0004
S18_1889,Dodge Charger 71,77,pl0002
S18_1984,Alfa Romeo Montreal,142,pl0002
S18_2238,Ferrari 400GT Coupe,163,pl0002
S18_2248,Triumph Spitfire,60,pl0004
S18_2319,Ford Bronco,122,pl0003
S18_2325,Buick Riviera,127,pl0004
S18_2432,VW Type 2 1970,60,pl0003
S18_2581,AirBus A320,84,pl0005
S18_2625,Italjet B-Go,60,pl0001
S18_2795,Rolls Royce Classic,168,pl0004
S18_2870,AC Bristol,132,pl0002
S18_2949,Mercedes-Benz 300SL,101,pl0004
S18_2957,Lincoln,62,pl0004
S18_3029,Catamaran,86,pl0006
S18_3136,BMW M6,104,pl0004
S18_3140,Porsche 911 Carrera 1990,136,pl0004
S18_3232,Ferrari Maranello,169,pl0002
S18_3259,Freight Train ,100,pl0007
S18_3278,Alfa Romeo Antique,80,pl0002
S18_3320,Rolls-Royce Phantom,99,pl0004
S18_3482,Kurtis-Kraft Midget,146,pl0002
S18_3685,Dusenberg Roadster,141,pl0002
S18_3782,Vespa,62,pl0001
S18_3856,Volvo P18,105,pl0004
S18_4027,Porsche 356 ,143,pl0002
S18_4409,Chevrolet Impala,92,pl0004
S18_4522,Fiat 500,87,pl0004
S18_4600,Hummer H2,121,pl0003
S18_4668,Toyota Supra,50,pl0004
S18_4721,Lamborghini Miura,148,pl0002
S18_4933,Shelby GT350,71,pl0002
S24_1046,Mercedes-Benz 300,73,pl0002
S24_1444,Fiat Spider,57,pl0002
S24_1578,American Ironhorse,112,pl0001
S24_1628,Ford Tudor,50,pl0002
S24_1785,Amelia Earhart First Flight,109,pl0005
S24_1937,Hotwheels XTRA,33,pl0004
S24_2000,Honda Goldwing,76,pl0001
S24_2011,Ice Multi Vessel,122,pl0006
S24_2022,Nissan 350z,44,pl0004
S24_2300,GMC 1/2 ton,127,pl0003
S24_2360,BMW Classic Bike,69,pl0001
S24_2766,Ford Roadster,90,pl0002
S24_2840,Mercury Cougar,35,pl0002
S24_2841,TWA The Aviator Edition,68,pl0005
S24_2887,Ford Mustang MUSCLE edition,117,pl0002
S24_2972,Packard 180,37,pl0002
S24_3151,BMW M3,88,pl0004
S24_3191,Pontiac Firebird,85,pl0002
S24_3371,Meyer's Manx,61,pl0002
S24_3420,Chevy Camaro 71 XS,65,pl0004
S24_3432,Chevy Camaro 71 XL,107,pl0002
S24_3816,Delorean,83,pl0004
S24_3856,Delorean BTTF Edition,140,pl0002
S24_3949,WWI US Plane,68,pl0005
S24_3969,Maybach,41,pl0004
S24_4048,Aston Martin DB,118,pl0002
S24_4258,Aston Martin DB9,97,pl0004
S24_4278,Boeing 727,72,pl0005
S24_4620,BMW Series 7,80,pl0002
S32_1268,Chevrolet 3100,96,pl0003
S32_1374,Kawasaki 1A,99,pl0001
S32_2206,KTM Motorbike,40,pl0001
S32_2509,VW Pickup,54,pl0003
S32_3207,Pre-War Gold Train,62,pl0007
S32_3522,Jeep Wrangler,64,pl0003
S32_4289,Grand Turismo,68,pl0004
S32_4485,Harley Davidson V-Rod,102,pl0001
S50_1341,Lincoln Limousine,43,pl0004
S50_1392,Mack Truck,115,pl0003
S50_1514,AVE,58,pl0007
S50_4713,Honda Classic,81,pl0001
S700_1138,Seawood,66,pl0006
S700_1691,Concorde,91,pl0005
S700_1938,La Pinta,86,pl0006
S700_2047,Sail Champions Oakley 1997,90,pl0006
S700_2466,Top Gun,99,pl0005
S700_2610,Red October Sub,72,pl0006
S700_2824,Mini Cooper Classic,101,pl0002
S700_2834,Thunderbird,118,pl0005
S700_3167,M-86,80,pl0005
S700_3505,SpeedBoat,100,pl0006
S700_3962,Galactica Star,99,pl0006
S700_4002,Enterprise,74,pl0005
S72_1253,Wright Flier,49,pl0005
S72_3212,Boston Whaler,54,pl0006
