SALES_REP_ID,SALES_REP,BRANCH_ID
sr0001,Nicole Delano,br0001
sr0002,Online,br0001
sr0003,Wilhelmina Cash,br0001
sr0004,Delpha Blackston,br0002
sr0005,Online,br0002
sr0006,Shane Canez,br0002
sr0007,Online,br0003
sr0008,Renita Henriquez,br0003
sr0009,Rosalie Ethier,br0003
sr0010,Hayley Rivenbark,br0004
sr0011,Online,br0004
sr0012,Son Bjork,br0004
sr0013,Online,br0005
sr0014,Bree Leist,br0005
sr0015,Anton Kittredge,br0006
sr0016,Leisha Hannibal,br0006
sr0017,Online,br0006
sr0018,Merlene Causey,br0007
sr0019,Online,br0007
sr0020,Tangela Valencia,br0007
sr0021,Online,br0008
sr0022,Rashad Vanguilder,br0008
sr0023,Regina Mcnish,br0008
sr0024,Salome Reck,br0009
sr0025,Afton Zartman,br0009
sr0026,Online,br0009
sr0027,Ramonita Zanders,br0010
sr0028,Isa Swann,br0010
sr0029,Online,br0010
sr0030,Babara Mclaughin,br0011
sr0031,Marta Tawil,br0011
sr0032,Online,br0011
sr0033,Jeanetta Edward,br0012
sr0034,Loreen Kiesling,br0012
sr0035,Online,br0012
sr0036,Boyd Laver,br0013
sr0037,Dustin Ozuna,br0013
sr0038,Online,br0014
sr0039,Mae Amsler,br0014
sr0040,Nikia Flavors,br0014
sr0041,Bob Cisco,br0015
sr0042,Allyson Harling,br0015
sr0043,Karsyn Robinson,br0016
sr0044,Online,br0016
sr0045,Maximus Romero,br0017
sr0046,Peyton Doyle,br0017
sr0047,Carmen Mcdonald,br0018
sr0048,Lana Chambers,br0018
sr0049,Online,br0018
sr0050,Kaya Everett,br0019
sr0051,Mikayla Charles,br0019
sr0052,Adison Glenn,br0020
sr0053,Online,br0020
